{
  "0": {
    "forward": [
      0.02991165315231203,
      0.2862955301699637,
      0.9576743509201837
    ],
    "fov_horizontal": 23.78101295049065,
    "fov_vertical": 40.48912068873593,
    "position": [
      0.2844361227091017,
      0.011681095083065586,
      -0.985782994544316
    ],
    "position_error": 5.225227536501316e-05,
    "right": [
      0.999482898511128,
      -0.004169059649956844,
      -0.03188345221943645
    ],
    "rotation": [
      16.636304218500776,
      1.788973998253707,
      0.0
    ],
    "up": [
      -0.0012139369455675866,
      0.9581538439081456,
      -0.2862511794930057
    ]
  },
  "1": {
    "forward": [
      0.5615468372321614,
      0.2879380447290926,
      0.7757298705039941
    ],
    "fov_horizontal": 22.582333954355,
    "fov_vertical": 40.46782568763134,
    "position": [
      -0.39192498154812905,
      0.010452679354390565,
      -0.8086869307225988
    ],
    "position_error": 0.000617079470636767,
    "right": [
      0.8155876490580826,
      -0.027892342715864132,
      -0.5779609017240966
    ],
    "rotation": [
      16.734549964915107,
      35.900584467250546,
      0.0
    ],
    "up": [
      -0.12405813576773944,
      0.9554980240982053,
      -0.2676436154558124
    ]
  },
  "2": {
    "forward": [
      0.839886163674708,
      0.28936547025845033,
      0.4591937027985984
    ],
    "fov_horizontal": null,
    "fov_vertical": 40.4354766330021,
    "position": [
      -0.7697112134249342,
      0.013170702826451303,
      -0.32495259467201193
    ],
    "position_error": 0.003692911448042811,
    "right": [
      0.4877814604833295,
      -0.02067908593551731,
      -0.8727208157329706
    ],
    "rotation": [
      16.819971471487463,
      61.333105216300034,
      0.0
    ],
    "up": [
      -0.24484249213150328,
      0.9571192369278678,
      -0.15483836846676868
    ]
  },
  "3": {
    "forward": [
      -0.747669825922995,
      0.27302277772441563,
      0.6053498114709565
    ],
    "fov_horizontal": null,
    "fov_vertical": 41.234227376207365,
    "position": [
      1.2956339472855067,
      0.024366562358338006,
      -0.4975469230725041
    ],
    "position_error": 0.00017112898022086318,
    "right": [
      0.6348187184633104,
      0.01937940769887405,
      0.7724180430607774
    ],
    "rotation": [
      15.844219215313926,
      -51.00468761390708,
      0.0
    ],
    "up": [
      0.206020666527721,
      0.9616391003650987,
      -0.18112350927606619
    ]
  },
  "4": {
    "forward": [
      -0.44314704373377406,
      0.28570227819571825,
      0.8497028338565153
    ],
    "fov_horizontal": 23.674657446663893,
    "fov_vertical": 40.67651218062054,
    "position": [
      0.8974969740854534,
      0.026809888348629074,
      -0.8316138645339368
    ],
    "position_error": 4.6716698103299165e-05,
    "right": [
      0.8837605181615485,
      -0.023959524804196622,
      0.46732567627938887
    ],
    "rotation": [
      16.600831694196863,
      -27.543473127902832,
      0.0
    ],
    "up": [
      0.1498681935496668,
      0.95826194909627,
      -0.2434616221838202
    ]
  },
  "focus": [
    0.3382070094283088,
    0.38795384153014023,
    0.2609209839653898
  ],
  "focus_error": 0.0012484445282397506,
  "fov_horizontal_average": 23.34600145050318,
  "fov_vertical_average": 40.660632513239456,
  "marker_width": 0.4909,
  "scale_y": 1.77,
  "volume_offset": [
    0.08181666666666666,
    -0.04462727272727273,
    -0.004909
  ],
  "volume_size": [
    0.4909,
    0.868893,
    0.4909
  ],
  "volume_width": 0.4909
}